{
  "meld_edl": {
    "mean": 0.6274000000000001,
    "std": 0.0022105806175452295,
    "values": [
      0.6262,
      0.6255,
      0.6305
    ]
  },
  "meld_eafa": {
    "mean": 0.6309,
    "std": 0.0006531972647421995,
    "values": [
      0.6301,
      0.6309,
      0.6317
    ]
  },
  "iemocap_edl": {
    "mean": 0.5830666666666667,
    "std": 0.0048403397493243195,
    "values": [
      0.5893,
      0.5775,
      0.5824
    ]
  },
  "iemocap_eafa": {
    "mean": 0.6044333333333333,
    "std": 0.0025037749277618568,
    "values": [
      0.6048,
      0.6073,
      0.6012
    ]
  },
  "dailydialog_edl": {
    "mean": 0.8799,
    "std": 0.0033296646477786397,
    "values": [
      0.8773,
      0.8846,
      0.8778
    ]
  },
  "dailydialog_eafa": {
    "mean": 0.8869333333333334,
    "std": 0.0018263503375736826,
    "values": [
      0.8854,
      0.8859,
      0.8895
    ]
  }
}